{
  "userName": "Forrest",
  "stats": [
    20,
    10,
    10,
    8
  ],
  "health": 230.0,
  "positionX": -1.6358370780944825,
  "positionY": 0.015734246000647546,
  "positionZ": 7.127045154571533
}