{
    "userName": "Forrest",
    "stats": [
        10,
        10,
        10,
        10
    ],
    "health": 130.0,
    "positionX": -6.567415237426758,
    "positionY": 0.0,
    "positionZ": 11.750846862792969
}