{
  "userName": "Forrest",
  "stats": [
    5,
    5,
    5,
    5
  ],
  "health": 80.0,
  "positionX": -0.05155104026198387,
  "positionY": 0.0067996978759765629,
  "positionZ": -0.2351970672607422
}