{"cameraMode":{"drawMode":0,"name":"Shaded","section":"Shading Mode"},"sceneLighting":true,"audioPlay":false,"sceneViewState":{"showFog":true,"showMaterialUpdate":false,"showSkybox":false,"showFlares":true,"showImageEffects":true,"showParticleSystems":true},"in2DMode":false,"pivot":{"x":6.850024223327637,"y":3.0197763442993166,"z":0.679987907409668},"rotation":{"x":-0.18570874631404878,"y":-0.359728068113327,"z":0.07329674810171128,"w":-0.9114517569541931},"size":22.089317321777345,"orthographic":false}