{"cameraMode":{"drawMode":0,"name":"Shaded","section":"Shading Mode"},"sceneLighting":false,"audioPlay":false,"sceneViewState":{"showFog":true,"showMaterialUpdate":false,"showSkybox":false,"showFlares":true,"showImageEffects":true,"showParticleSystems":true},"in2DMode":false,"pivot":{"x":0.03721556067466736,"y":0.7022597789764404,"z":0.16381466388702393},"rotation":{"x":-0.08006735146045685,"y":0.14361660182476045,"z":-0.01165773905813694,"w":-0.9863247275352478},"size":10.190658569335938,"orthographic":false}