{"cameraMode":{"drawMode":0,"name":"Shaded","section":"Shading Mode"},"sceneLighting":false,"audioPlay":false,"sceneViewState":{"showFog":true,"showMaterialUpdate":false,"showSkybox":false,"showFlares":true,"showImageEffects":true,"showParticleSystems":true},"in2DMode":false,"pivot":{"x":-0.06993421912193299,"y":1.4699093103408814,"z":0.3661360740661621},"rotation":{"x":-0.05994067341089249,"y":-0.027854623273015024,"z":0.0016739852726459504,"w":-0.9978163838386536},"size":7.108064651489258,"orthographic":false}