{"cameraMode":{"drawMode":0,"name":"Shaded","section":"Shading Mode"},"sceneLighting":true,"audioPlay":false,"sceneViewState":{"showFog":true,"showMaterialUpdate":false,"showSkybox":true,"showFlares":true,"showImageEffects":true,"showParticleSystems":true},"in2DMode":false,"pivot":{"x":0.21986031532287599,"y":0.7332020401954651,"z":0.9347113370895386},"rotation":{"x":-0.00898286048322916,"y":0.5561485886573792,"z":-0.006012926809489727,"w":-0.8310148119926453},"size":1.9367129802703858,"orthographic":false}