{"cameraMode":{"drawMode":0,"name":"Shaded","section":"Shading Mode"},"sceneLighting":false,"audioPlay":false,"sceneViewState":{"showFog":true,"showMaterialUpdate":false,"showSkybox":true,"showFlares":true,"showImageEffects":true,"showParticleSystems":true},"in2DMode":false,"pivot":{"x":-88.62454986572266,"y":-4.801481246948242,"z":-45.470523834228519},"rotation":{"x":-0.1630474478006363,"y":0.13333922624588014,"z":-0.022245211526751519,"w":-0.9773133993148804},"size":7.109264373779297,"orthographic":false}