{"cameraMode":{"drawMode":0,"name":"Shaded","section":"Shading Mode"},"sceneLighting":true,"audioPlay":false,"sceneViewState":{"showFog":true,"showMaterialUpdate":false,"showSkybox":true,"showFlares":true,"showImageEffects":true,"showParticleSystems":true},"in2DMode":false,"pivot":{"x":1.5985243320465088,"y":1.111606478691101,"z":-0.35203203558921816},"rotation":{"x":-0.015382394194602967,"y":-0.738226056098938,"z":0.01683993451297283,"w":-0.674172580242157},"size":3.5585055351257326,"orthographic":false}