{"cameraMode":{"drawMode":0,"name":"Shaded","section":"Shading Mode"},"sceneLighting":true,"audioPlay":false,"sceneViewState":{"showFog":true,"showMaterialUpdate":false,"showSkybox":true,"showFlares":true,"showImageEffects":true,"showParticleSystems":true},"in2DMode":false,"pivot":{"x":0.0009108996600843966,"y":0.00046009523794054985,"z":0.004402629565447569},"rotation":{"x":-0.13507796823978425,"y":-0.6602417230606079,"z":0.12240064144134522,"w":-0.7285997271537781},"size":0.016706742346286775,"orthographic":false}