{"cameraMode":{"drawMode":0,"name":"Shaded","section":"Shading Mode"},"sceneLighting":true,"audioPlay":false,"sceneViewState":{"showFog":true,"showMaterialUpdate":false,"showSkybox":true,"showFlares":true,"showImageEffects":true,"showParticleSystems":true},"in2DMode":false,"pivot":{"x":-61.72406005859375,"y":-42.47231674194336,"z":39.13337326049805},"rotation":{"x":-0.2429961860179901,"y":0.5341837406158447,"z":-0.16363482177257539,"w":-0.7930164337158203},"size":83.80245208740235,"orthographic":false}