{"cameraMode":{"drawMode":0,"name":"Shaded","section":"Shading Mode"},"sceneLighting":true,"audioPlay":false,"sceneViewState":{"showFog":true,"showMaterialUpdate":false,"showSkybox":true,"showFlares":true,"showImageEffects":true,"showParticleSystems":true},"in2DMode":false,"pivot":{"x":10.558653831481934,"y":-12.393073081970215,"z":89.28771209716797},"rotation":{"x":-0.09592586755752564,"y":-0.06983794271945954,"z":0.006749410182237625,"w":-0.9929322600364685},"size":79.201171875,"orthographic":false}