{"cameraMode":{"drawMode":0,"name":"Shaded","section":"Shading Mode"},"sceneLighting":false,"audioPlay":false,"sceneViewState":{"showFog":true,"showMaterialUpdate":false,"showSkybox":true,"showFlares":true,"showImageEffects":true,"showParticleSystems":true},"in2DMode":false,"pivot":{"x":-28.886959075927736,"y":1.8708525896072388,"z":-4.606477737426758},"rotation":{"x":-0.21301165223121644,"y":-0.0375172384083271,"z":0.008162004873156548,"w":-0.9763243198394775},"size":18.005016326904298,"orthographic":false}